{"exchange": "bybit", "coins": ["ETH", "HBAR", "MATIC"], "holdings": {"ETH": 0.12049182, "HBAR": 3208.3263148, "MATIC": 268.97255849}, "total_values": {"ETH": 362.4839765334, "HBAR": 346.46715873525204, "MATIC": 261.71029941076995}, "total_portfolio_value": 970.661434679422}