{"exchange": "bybit", "coins": ["ETH", "AVAX", "MATIC", "LINK", "ICP", "HBAR", "DOT", "RNDR", "ARB", "GALA"], "holdings": {"ETH": 0.12049182, "AVAX": 8.01781066, "MATIC": 268.97255849, "LINK": 8.61778465, "ICP": 19.87811689, "HBAR": 3208.32631484, "DOT": 13.57998844, "RNDR": 18.03107833, "ARB": 90.56924195, "GALA": 2606.2422092}, "total_values": {"ETH": 355.3135083252, "AVAX": 300.4273654302, "MATIC": 263.94277164623696, "LINK": 162.2384138209, "ICP": 263.64346431207, "HBAR": 356.765886210208, "DOT": 101.26597379708, "RNDR": 113.6706224540695, "ARB": 172.489121293775, "GALA": 73.313593344796}, "total_portfolio_value": 2163.0707206345355}